{"stats":{"minecraft:custom":{"minecraft:jump":105,"minecraft:time_since_rest":25283,"minecraft:damage_dealt":29,"minecraft:crouch_one_cm":822,"minecraft:leave_game":4,"minecraft:play_time":25283,"minecraft:sprint_one_cm":5716,"minecraft:damage_taken":235,"minecraft:time_since_death":25283,"minecraft:walk_one_cm":21781,"minecraft:sneak_time":255,"minecraft:total_world_time":25283,"minecraft:fall_one_cm":544,"minecraft:fly_one_cm":20486},"minecraft:used":{"alexsmobs:animal_dictionary":1,"minecraft:gravel":6}},"DataVersion":3465}