{"stats":{"minecraft:custom":{"minecraft:jump":103,"minecraft:time_since_rest":24349,"minecraft:damage_dealt":29,"minecraft:crouch_one_cm":822,"minecraft:leave_game":3,"minecraft:play_time":24349,"minecraft:sprint_one_cm":5716,"minecraft:damage_taken":235,"minecraft:time_since_death":24349,"minecraft:walk_one_cm":21134,"minecraft:sneak_time":255,"minecraft:total_world_time":24349,"minecraft:fall_one_cm":544,"minecraft:fly_one_cm":20217},"minecraft:used":{"alexsmobs:animal_dictionary":1,"minecraft:gravel":6}},"DataVersion":3465}